                  epoch,             train/loss,  metrics/accuracy_top1,  metrics/accuracy_top5,               val/loss,                 lr/pg0,                 lr/pg1,                 lr/pg2
                      0,                0.15564,                  0.625,                      1,                 0.2845,             0.00023304,             0.00023304,             0.00023304
                      1,                0.10332,                0.79167,                      1,                0.25044,             0.00035446,             0.00035446,             0.00035446
                      2,                0.07079,                0.79167,                      1,                0.23883,             0.00035807,             0.00035807,             0.00035807
                      3,                0.05327,                0.78333,                      1,                 0.2307,             0.00018385,             0.00018385,             0.00018385
