                  epoch,             train/loss,  metrics/accuracy_top1,  metrics/accuracy_top5,               val/loss,                 lr/pg0,                 lr/pg1,                 lr/pg2
                      0,                0.16524,                0.98562,                      1,                0.39169,             0.00023474,             0.00023474,             0.00023474
                      1,                0.02044,                0.99361,                      1,                0.37266,             0.00035574,             0.00035574,             0.00035574
                      2,                0.01232,                0.99681,                      1,                0.36898,             0.00035892,             0.00035892,             0.00035892
                      3,                0.00704,                 0.9984,                      1,                0.36768,             0.00018385,             0.00018385,             0.00018385
