                  epoch,             train/loss,  metrics/accuracy_top1,  metrics/accuracy_top5,               val/loss,                 lr/pg0,                 lr/pg1,                 lr/pg2
                      0,                 0.3221,                0.66667,                      1,                0.60138,             0.00016422,             0.00016422,             0.00016422
                      1,                0.21665,                0.73333,                      1,                0.51361,             0.00025252,             0.00025252,             0.00025252
                      2,                0.14593,                0.79167,                      1,                 0.4798,               0.000256,               0.000256,               0.000256
                      3,                0.10815,                0.76667,                      1,                0.46832,             0.00017466,             0.00017466,             0.00017466
